month,scenario,new_paid_logos,churned_logos,eom_logos,blended_arpu,mrr,arr_run_rate,est_cash_collected,notes
0,Aggressive,0,0,0,0,0,0,0,Today pre-revenue
1,Aggressive,0,0,0,400,800,9600,800,2 pilots at 400
2,Aggressive,1,0,1,900,900,10800,1300,First paid logo
3,Aggressive,2,0,3,1000,3000,36000,3500,Steady ramp starts
4,Aggressive,3,0,6,1050,6300,75600,7000,
5,Aggressive,3,0,9,1100,9900,118800,11000,
6,Aggressive,3,0,12,1100,13200,158400,15000,
7,Aggressive,3,0,15,1100,16500,198000,19000,
8,Aggressive,3,0,18,1100,19800,237600,23000,
9,Aggressive,3,1,20,1100,22000,264000,28000,Churn begins
10,Aggressive,3,1,22,1100,24200,290400,32000,
11,Aggressive,3,1,24,1100,26400,316800,36000,
12,Aggressive,3,1,26,1100,28600,343200,40000,Year-end target

month,scenario,new_paid_logos,churned_logos,eom_logos,blended_arpu,mrr,arr_run_rate,est_cash_collected,notes
0,Base,0,0,0,0,0,0,0,
1,Base,0,0,0,400,400,4800,400,1 pilot
2,Base,1,0,1,850,850,10200,900,
3,Base,1,0,2,900,1800,21600,2000,
4,Base,2,0,4,925,3700,44400,4000,
5,Base,2,0,6,950,5700,68400,6000,
6,Base,2,0,8,950,7600,91200,8000,
7,Base,2,0,10,950,9500,114000,10000,
8,Base,2,0,12,950,11400,136800,12000,
9,Base,2,0,14,950,13300,159600,14000,
10,Base,2,1,15,950,14250,171000,15000,
11,Base,2,0,17,950,16150,193800,17000,
12,Base,2,1,18,950,17100,205200,18000,

month,scenario,eom_logos,blended_arpu,mrr,arr_run_rate,value_at_8x,value_at_12x
12,Conservative,9,750,6750,81000,648000,972000
12,Base,18,950,17100,205200,1641600,2462400
12,Aggressive,26,1100,28600,343200,2745600,4118400
12,Stretch,38,1250,47500,570000,4560000,6840000
